{"AUC": 0.9530973885936681, "confusion_matrix": {"_type": "image-file", "sha256": "9ba792cc241db71ae3d07a193bc3ae1d6804387579bebc7b7f89d5d36662d979", "size": 94698, "path": "media/images/confusion_matrix_0_9ba792cc241db71ae3d0.png", "format": "png", "width": 1000, "height": 1000}, "_timestamp": 1675107492.4300873, "_runtime": 13.397006273269653, "_step": 0, "_wandb": {"runtime": 12}}